﻿<?xml version="1.0" encoding="utf-8"?>
<Windows showshadow="true" size="552,333" shadowimage="bk_shadow.png" shadowsize="14" shadowcorner="14,14,14,14">
    <!-- 安装目录 -->
    <VerticalLayout>
		<!-- 上半部分 -->
		<VerticalLayout width="552" height="333" roundcorner="5,5" bkimage="file='bkimage\start.bmp' corner='0,0,0,0'" >
			<Control height="213" />
			<!-- 安装面板 -->
			<VerticalLayout name="defalutconfiginfo" height="44" visible="true">
				<!-- 快速安装 -->
				<Button 
					name="btnMainInstall" 
					padding="185,0,0,0" 
					width="187" 
					height="44"
					textcolor="0xffffffff" 
					disabledtextcolor="0xffffffff" 
					normalimage="file='button\btn_start_install.bmp' source='0,0,187,44' dest='0,0,187,44'" 
					hotimage="file='button\btn_start_install.bmp' source='0,44,187,88' dest='0,0,187,44'" 
					pushedimage="file='button\btn_start_install.bmp' source='0,88,187,132' dest='0,0,187,44'" 
					disabledimage="file='button\btn_start_install.bmp' source='0,132,187,176' dest='0,0,187,44'" 
					text="" />
			</VerticalLayout>

			<Control height="43" />
			<!-- 选项，自定安装 -->
			<HorizontalLayout heigth="22" padding="0,0,0,0">
				<!-- 服务条款协议选择框  -->
				<CheckBox 
					font="7"
					padding="18,0,0,0"
					name="chkAgree" 
					width="53" 
					heigh="22" 
					text="" 
					textcolor="#FF333333" 
					selected="true" 
					valign="top" 
					align="left" 
					textpadding="22,0,0,0" 
					normalimage="file='public/CheckBox/check_read.bmp' source='0,0,53,22' dest='0,0,53,22'" 
					normalhotimage="file='public/CheckBox/check_read.bmp' source='0,22,53,44' dest='0,0,53,22'" 
					selectedimage="file='public/CheckBox/check_read_ok.bmp' source='0,44,53,66' dest='0,0,53,22'" 
					selectedhotimage="file='public/CheckBox/check_read_ok.bmp' source='0,66,53,88' dest='0,0,53,22'"/>

				<!-- 服务条款 -->
				<Button 
					name="btnService" 
					width="68" 
					height="22" 
					normalimage="file='button\license_service.bmp' source='0,0,68,22' dest='0,0,68,22'" 
					hotimage="file='button\license_service.bmp' source='0,22,68,44' dest='0,0,68,22'" 
					pushedimage="file='button\license_service.bmp' source='0,44,68,66' dest='0,0,68,22'"/>

				<!-- 隐私政策 -->
				<Button 
					name="btnPrivacy" 
					width="68" 
					height="22" 
					normalimage="file='button\license_private.bmp' source='0,0,68,22' dest='0,0,68,22'" 
					hotimage="file='button\license_private.bmp' source='0,22,68,44' dest='0,0,68,22'" 
					pushedimage="file='button\license_private.bmp' source='0,44,68,66' dest='0,0,68,22'"/>

				<!-- 儿童隐私政策 -->
				<Button 
					name="btnChildren" 
					width="93" 
					height="22" 
					normalimage="file='button\license_child.bmp' source='0,0,93,22' dest='0,0,93,22'" 
					hotimage="file='button\license_child.bmp' source='0,22,93,44' dest='0,0,93,22'" 
					pushedimage="file='button\license_child.bmp' source='0,44,93,66' dest='0,0,93,22'"/>
				<Control width="160" />

				<!-- 显示自定义安装 -->
				<Button 
					name="btnShowMore" 
					width="80" 
					height="22"
					visible="true"
					normalimage="file='button\btn_custom_install.bmp' source='0,0,80,22' dest='0,0,80,22'" 
					hotimage="file='button\btn_custom_install.bmp' source='0,22,80,44' dest='0,0,80,22'" 
					pushedimage="file='button\btn_custom_install.bmp' source='0,44,80,66' dest='0,0,80,22'"/>

				<!-- 隐藏自定义安装 -->
				<Button 
					name="btnHideMore" 
					width="80" 
					height="22" 
					visible="false"
					normalimage="file='button\btn_custom_install_up.bmp' source='0,0,80,22' dest='0,0,80,22'" 
					hotimage="file='button\btn_custom_install_up.bmp' source='0,22,80,44' dest='0,0,80,22'" 
					pushedimage="file='button\btn_custom_install_up.bmp' source='0,44,80,66' dest='0,0,80,22'"/>
				<Control />
			</HorizontalLayout>

		</VerticalLayout>

		<!-- 下半部分，自定义安装 -->
		<VerticalLayout bkcolor="#FFFFFFFF">
			<!-- 更多安装配置 -->
			<VerticalLayout name="moreconfiginfo" visible="true" height="160">
				<Control height="29" />
				<!-- 安装描述 -->
				<HorizontalLayout height="12">
					<Label 
						padding="18,0,0,0" 
						font="0"
						width="64"
						textcolor="#FF333333" 
						text="安装位置："/>
					<Control width="5" />
					<!--安装目录所在的磁盘不存在，请重新输入-->
					<Label
						padding="0,0,0,0" 
						font="0"
						text=""
						name="local_space" 
						width="400" 
						textcolor="#FFff0000"/> 
				</HorizontalLayout>
				
				<!-- 安装路径 -->
				<HorizontalLayout height="40" padding="0,11,0,0">
					<!-- 输入框 -->
					<RichEdit
						name="editDir" 
						text="" 
						width="451" 
						height="25"
						padding="18,0,0,0"
						textcolor="0xFF000000" 
						inset="5,5,2,2" 
						bkimage="public\edit\edit0.png" 
						autohscroll="false" 
						bordervisible="true"  
						bordersize="1" 
						bordercolor="#FFb6b6b6" 
						wantreturn="false" 
						wantctrlreturn="false" 
						bkcolor="#FF00000"
						multiline="false"/>
					<Control width="10" />
					<!-- 选择按钮 -->   
					<Button 
						name="btnSelectDir" 
						width="53" 
						height="30" 
						visible="true"
						normalimage="file='button\btn_browse.bmp' source='0,0,53,30' dest='0,0,53,30'" 
						hotimage="file='button\btn_browse.bmp' source='0,30,53,60' dest='0,0,53,30'" 
						pushedimage="file='button\btn_browse.bmp' source='0,60,53,90' dest='0,0,53,30'"/>
				</HorizontalLayout>
				
				<!-- 选项区域 -->
				<VerticalLayout name="chkboxLayout" height="46">
					<!-- 第一行选项 -->
					<HorizontalLayout height="22">
						<!-- 创建桌面快捷方式 -->
						<CheckBox 
							name="chkbox_desktop_ico"
							font="0"
							float="false"
							padding="15,0,0,0"
							width="125"
							text="" 
							textcolor="#FF9a9a9a" 
							selected="true" 
							valign="top" 
							align="left" 
							textpadding="0,0,0,0" 
							normalimage="file='public/CheckBox/no_create_shortcut.bmp' source='0,0,126,22' dest='0,0,126,22'" 
							normalhotimage="file='public/CheckBox/no_create_shortcut.bmp' source='0,22,126,44' dest='0,0,126,22'" 
							selectedimage="file='public/CheckBox/create_shortcut.bmp' source='0,44,126,66' dest='0,0,126,22'" 
							selectedhotimage="file='public/CheckBox/create_shortcut.bmp' source='0,66,126,88' dest='0,0,126,22'"/>
						<Control width="39" />
						<!-- 开机启动 -->
						<CheckBox 
							name="chkbox_boot_start"
							font="0"
							float="false"
							padding="0,0,0,0"
							width="76"
							text="" 
							textcolor="#FF9a9a9a" 
							selected="true" 
							valign="top" 
							align="left" 
							textpadding="0,0,0,0" 
							normalimage="file='public/CheckBox/no_autostart.bmp' source='0,0,76,22' dest='0,0,76,22'" 
							normalhotimage="file='public/CheckBox/no_autostart.bmp' source='0,22,76,44' dest='0,0,76,22'" 
							selectedimage="file='public/CheckBox/autostart.bmp' source='0,44,76,66' dest='0,0,76,22'" 
							selectedhotimage="file='public/CheckBox/autostart.bmp' source='0,66,76,88' dest='0,0,76,22'"/>
					</HorizontalLayout>
					
					<!-- 第一行选项 -->
					<HorizontalLayout height="24">
						<!-- 添加到任务栏 -->
						<CheckBox 
							name="chkbox_quick_start"
							font="0"
							float="false"
							padding="15,2,0,0"
							width="100"
							text="" 
							textcolor="#FF9a9a9a" 
							selected="true" 
							valign="top" 
							align="left" 
							textpadding="0,0,0,0" 
							normalimage="file='public/CheckBox/no_add_to_task.bmp' source='0,0,100,22' dest='0,0,100,22'" 
							normalhotimage="file='public/CheckBox/no_add_to_task.bmp' source='0,22,100,44' dest='0,0,100,22'" 
							selectedimage="file='public/CheckBox/add_to_task.bmp' source='0,44,100,66' dest='0,0,100,22'" 
							selectedhotimage="file='public/CheckBox/add_to_task.bmp' source='0,66,100,88' dest='0,0,100,22'"/>
						<Control width="64" />
						<!-- 将网易云音乐设为默认播放器 -->
						<CheckBox 
							name="chkbox_quick_start"
							font="0"
							float="false"
							padding="0,2,0,0"
							width="184"
							text="" 
							textcolor="#FF9a9a9a" 
							selected="true" 
							valign="top" 
							align="left" 
							textpadding="0,0,0,0" 
							normalimage="file='public/CheckBox/check_setdefault.bmp' source='0,0,184,22' dest='0,0,184,22'" 
							normalhotimage="file='public/CheckBox/check_setdefault.bmp' source='0,22,184,44' dest='0,0,184,22'" 
							selectedimage="file='public/CheckBox/check_setdefault_ok.bmp' source='0,44,184,66' dest='0,0,184,22'" 
							selectedhotimage="file='public/CheckBox/check_setdefault_ok.bmp' source='0,66,184,88' dest='0,0,184,22'"/>
					</HorizontalLayout>
				</VerticalLayout>
			</VerticalLayout>
		</VerticalLayout>
		<Include source="licensepage.xml"/>
   </VerticalLayout>
</Windows>